{"year": [1, 2, 3, 4, 5, 6, 7, 8, 9, 10], "interest": [1000.0, 2100.5, 3311.55, 4644.205, 6110.6255, 7724.188050000001, 9499.606855000002, 11453.067540500002, 13602.374294550002, 15967.111724005003]}