{"year": [1, 2, 3, 4, 5, 6, 7, 8], "interest": [1000.0, 2100.1000000000004, 3310.3100000000004, 4641.6410000000005, 6106.205100000001, 7717.325610000002, 9489.658171000003, 11439.323988100003], "total_saving": [11001.0, 12102.1, 13313.310000000001, 14645.641000000001, 16111.205100000001, 17723.32561, 19496.658171, 21447.323988099997]}